"FullName","LastWriteTime"
"C:\Users\muham\AndroidStudioProjects\JadwalMatkul\.idea\workspace.xml","25 Feb 2026 07:55:45"
"C:\Users\muham\AndroidStudioProjects\JadwalMatkul\.gradle\9.2.1\checksums\checksums.lock","25 Feb 2026 07:52:29"
"C:\Users\muham\AndroidStudioProjects\JadwalMatkul\.gradle\9.2.1\fileHashes\fileHashes.lock","25 Feb 2026 07:52:29"
"C:\Users\muham\AndroidStudioProjects\JadwalMatkul\.gradle\9.2.1\executionHistory\executionHistory.lock","25 Feb 2026 07:52:29"
"C:\Users\muham\AndroidStudioProjects\JadwalMatkul\.gradle\buildOutputCleanup\buildOutputCleanup.lock","25 Feb 2026 07:52:29"
"C:\Users\muham\AndroidStudioProjects\JadwalMatkul\.gradle\9.2.1\fileChanges\last-build.bin","25 Feb 2026 07:52:29"
"C:\Users\muham\AndroidStudioProjects\JadwalMatkul\.gradle\buildOutputCleanup\outputFiles.bin","25 Feb 2026 07:52:29"
"C:\Users\muham\AndroidStudioProjects\JadwalMatkul\.gradle\9.2.1\executionHistory\executionHistory.bin","25 Feb 2026 07:52:29"
"C:\Users\muham\AndroidStudioProjects\JadwalMatkul\.gradle\9.2.1\fileHashes\fileHashes.bin","25 Feb 2026 07:52:29"
"C:\Users\muham\AndroidStudioProjects\JadwalMatkul\app\build\intermediates\apk\debug\output-metadata.json","25 Feb 2026 07:52:29"
